{"NAME":"gl","ERAS":["a.C.","d.C."],"ERANAMES":["antes de Cristo","despois de Cristo"],"NARROWMONTHS":["X","F","M","A","M","X","X","A","S","O","N","D"],"STANDALONENARROWMONTHS":["X","F","M","A","M","X","X","A","S","O","N","D"],"MONTHS":["xaneiro","febreiro","marzo","abril","maio","xuño","xullo","agosto","setembro","outubro","novembro","decembro"],"STANDALONEMONTHS":["Xaneiro","Febreiro","Marzo","Abril","Maio","Xuño","Xullo","Agosto","Setembro","Outubro","Novembro","Decembro"],"SHORTMONTHS":["xan","feb","mar","abr","mai","xuñ","xul","ago","set","out","nov","dec"],"STANDALONESHORTMONTHS":["Xan","Feb","Mar","Abr","Mai","Xuñ","Xul","Ago","Set","Out","Nov","Dec"],"WEEKDAYS":["domingo","luns","martes","mércores","xoves","venres","sábado"],"STANDALONEWEEKDAYS":["Domingo","Luns","Martes","Mércores","Xoves","Venres","Sábado"],"SHORTWEEKDAYS":["dom","lun","mar","mér","xov","ven","sáb"],"STANDALONESHORTWEEKDAYS":["Dom","Lun","Mar","Mér","Xov","Ven","Sáb"],"NARROWWEEKDAYS":["D","L","M","M","X","V","S"],"STANDALONENARROWWEEKDAYS":["D","L","M","M","X","V","S"],"SHORTQUARTERS":["T1","T2","T3","T4"],"QUARTERS":["1o trimestre","2o trimestre","3o trimestre","4o trimestre"],"AMPMS":["a.m.","p.m."],"DATEFORMATS":["EEEE dd MMMM y","dd MMMM y","d MMM, y","dd/MM/yy"],"TIMEFORMATS":["HH:mm:ss zzzz","HH:mm:ss z","HH:mm:ss","HH:mm"],"AVAILABLEFORMATS":null,"FIRSTDAYOFWEEK":0,"WEEKENDRANGE":[5,6],"FIRSTWEEKCUTOFFDAY":3,"DATETIMEFORMATS":["{1} {0}","{1} {0}","{1} {0}","{1} {0}"]}