{"DATEFORMATS":["EEEE, d. MMMM y","d. MMMM y","dd.MM.yyyy","dd.MM.yy"],"NARROWWEEKDAYS":["S","M","D","M","D","F","S"],"STANDALONESHORTMONTHS":["Jan","Feb","M채r","Apr","Mai","Jun","Jul","Aug","Sep","Okt","Nov","Dez"],"ERANAMES":["v. Chr.","n. Chr."],"FIRSTWEEKCUTOFFDAY":3,"NARROWMONTHS":["J","F","M","A","M","J","J","A","S","O","N","D"],"STANDALONESHORTWEEKDAYS":["So","Mo","Di","Mi","Do","Fr","Sa"],"FIRSTDAYOFWEEK":0,"STANDALONEWEEKDAYS":["Sonntag","Montag","Dienstag","Mittwoch","Donnerstag","Freitag","Samstag"],"WEEKDAYS":["Sonntag","Montag","Dienstag","Mittwoch","Donnerstag","Freitag","Samstag"],"QUARTERS":["1. Quartal","2. Quartal","3. Quartal","4. Quartal"],"ERAS":["v. Chr.","n. Chr."],"MONTHS":["Januar","Februar","M채rz","April","Mai","Juni","Juli","August","September","Oktober","November","Dezember"],"TIMEFORMATS":["HH:mm:ss zzzz","HH:mm:ss z","HH:mm:ss","HH:mm"],"SHORTWEEKDAYS":["So.","Mo.","Di.","Mi.","Do.","Fr.","Sa."],"SHORTQUARTERS":["Q1","Q2","Q3","Q4"],"WEEKENDRANGE":[5,6],"STANDALONENARROWWEEKDAYS":["S","M","D","M","D","F","S"],"AVAILABLEFORMATS":null,"NAME":"de_CH","AMPMS":["vorm.","nachm."],"STANDALONEMONTHS":["Januar","Februar","M채rz","April","Mai","Juni","Juli","August","September","Oktober","November","Dezember"],"SHORTMONTHS":["Jan","Feb","M채r","Apr","Mai","Jun","Jul","Aug","Sep","Okt","Nov","Dez"],"STANDALONENARROWMONTHS":["J","F","M","A","M","J","J","A","S","O","N","D"]}